project,kind,owner_company,where_it_lives,status,known_limitations,next_action,evidence_source
FKAIOS (Founder AI OS),platform,Franchise Kart / Aura Tech,Supabase project nrlsqshkjuuwiovthrnb; repo contactmmx-ship-it/fkaios-aura-blueprint1 (main); Next.js frontend (netlify.toml + vercel.json),PARTIALLY VERIFIED,"Engine self-tests, routing, speech, voice turn, evaluation/adoption verified in production; 0 founder objectives through canonical state; cron secret in URLs (P0)",Founder submits one objective from the Console; rotate cron secret,docs/FKAIOS_ACCEPTANCE_MATRIX.md; fkaios_self_tests; fkaios_verification_evidence
Franchisee Kart (consulting brand),brand,Franchise Kart,"brands row (Consulting, 5L-50L, 5-15% royalty); 1 build_projects row",RECORD ONLY,"Brand record and website builds (Jul 2026, not deployed); no verified live site recorded",Confirm the live website URL and add it to build_projects.deployed_url,brands; build_projects
Mr. Chick'n,brand,Franchise Kart,"brands row (F&B QSR, no investment/royalty); 5 leads; 2 AI-drafted partner proposals in client_projects",RECORD ONLY,No SOPs in any accessible table or bucket,Upload the Mr. Chick'n SOP files to the documents bucket and ingest (knowledge_ingest),brands; leads; client_projects
Chaat Masters,brand,Franchise Kart,"brands row (QSR, 10L-30L, 8%)",RECORD ONLY,No proposal or blueprint stored,Upload Healthfreek proposal (source blueprint) for the Chaat Masters transformation,brands
Arofur,brand,Franchise Kart,"brands row (Furniture, 20L-1Cr, 6%); 5 archived research notes in brain_knowledge_documents",RECORD ONLY,Knowledge notes are short archived placeholders (<=603 chars),None until the founder names an objective,brands; brain_knowledge_documents
Chawla Laboratory,brand,Franchise Kart,"brands row (Healthcare, 15L-40L, 10%)",RECORD ONLY,No artifacts,None until the founder names an objective,brands
Gio Paints,brand,Franchise Kart,brands row (Paints & Coatings),RECORD ONLY,No artifacts. Storage holds bharat-paints-website.zip (project-submissions) - relation to Gio Paints unconfirmed,Founder confirms whether Bharat Paints = Gio Paints,brands; storage project-submissions
GoMax,brand,Franchise Kart,brands row (Building Materials & Retail),RECORD ONLY,Historical: no data connector to GoMax systems; never invent GoMax data (7 Oct transfer),Provide an authorised GoMax data source if analysis is wanted,brands; input/fkaios-history/fkaios_chats.txt
Turning Points,brand,Franchise Kart,"brands row (Immigration/visa, 50K-2L, 10%)",RECORD ONLY,No artifacts,None until the founder names an objective,brands
Dental Kart 3D product video,deliverable,Dental Kart (internal),brain_projects x2 (Jul 2026): video brief v1 approved; v2 in founder_review with sections 3-10 unwritten; 1 photo in product-video-photos bucket,PARTIALLY VERIFIED,Text spec only; no video rendered; reference video never watched by AI,Founder decides whether to continue (v2 awaiting review),brain_projects; storage product-video-photos
Dealer CRM,software plan,Franchise Kart,"software_projects x1 (stage planned, 14 Jul)",PLAN ONLY,"Planned, not built; pricing unknown; target vertical unknown",Founder answers the recorded unknowns or archives,software_projects
FKAIOS generated websites,deliverable,FKAIOS,"build_projects: 25 rows, 11 complete+deployed (Oct 5-6), 9 stuck in 'generating' since Jul/Oct",PARTIALLY VERIFIED,9 rows indefinitely 'generating' (no timeout),Mark stale generating builds failed with reason (bounded state),build_projects
Client project proposals (lead pipeline),pipeline output,Franchise Kart,"client_projects: 269 rows, all status 'proposal', AI-drafted from discovered leads",HISTORICAL OUTPUT,Not contracts; none MD-approved,Founder reviews only those tied to real conversations,client_projects
Orchestration projects,pipeline output,FKAIOS,"orchestration_projects: 253 (17 complete, 212 failed, 23 working, 1 merging)",PARTIALLY VERIFIED,23 'working' + 1 'merging' rows need a stale-state check,Reconcile stale working/merging rows,orchestration_projects
BharatBuild,uploaded artifact,unknown,"storage project-submissions: bharatbuild_android_scaffold.zip, bharatbuild_founder_demo.html",UNVERIFIED,Uploaded files only; no project record,Founder states whether this is an active project,storage project-submissions
FK Real Path 2030,uploaded document,Franchise Kart,storage project-submissions: UPDATED FINAL FK REAL PATH 2030(1).docx (88 KB),UNVERIFIED,Not ingested into the knowledge library (docx ingestion not yet supported; text extraction needed),"Add DOCX extraction, then ingest",storage project-submissions
Syros OPD EMR,historical mention,Syros (hospital),Mentioned in fkaios_chat_2.txt lines 2268-2879 only,NOT IN ACCESSIBLE SYSTEMS,Work lives in external AI tools; no repository or record accessible,Founder links the repository/project if FKAIOS should track it,input/fkaios-history/fkaios_chat_2.txt
PerfumeWala,historical mention,PerfumeWala,Mentioned in fkaios_chat_2.txt (examples) only,NOT IN ACCESSIBLE SYSTEMS,"No brand row, no artifacts",Founder creates the brand/project if active,input/fkaios-history/fkaios_chat_2.txt
Healthfreek,historical mention,Healthfreek,Named in the mission as the proposal blueprint source,NOT IN ACCESSIBLE SYSTEMS,"Proposal not found in tables, buckets or repo (searched 9 Oct)",Founder uploads the Healthfreek proposal to the documents bucket,mission brief
